id,timestamp,original_timestamp_validity
A4F_10021_0000.jpg,2022-06-08 15:49:02+02:00,False
A4F_10021_0001.jpg,2022-06-08 15:49:02+02:00,False
A4F_10021_0002.jpg,2022-06-08 15:49:02+02:00,False
A4F_10021_0003.jpg,2022-06-08 15:49:02+02:00,False
A4F_10021_0004.jpg,2022-06-10 09:45:26+02:00,False
A4F_10021_0005.jpg,2022-06-10 09:45:26+02:00,False
A4F_10021_0006.jpg,2022-06-10 09:45:26+02:00,False
A4F_10021_0007.jpg,2022-06-10 09:45:26+02:00,False
A4F_10021_0008.jpg,2022-06-13 00:54:17+02:00,False
A4F_10021_0009.jpg,2022-06-13 00:54:17+02:00,False
A4F_10021_0010.jpg,2022-06-13 00:54:17+02:00,False
A4F_10021_0011.jpg,2022-06-13 22:08:50+02:00,False
A4F_10021_0012.jpg,2022-06-13 22:08:50+02:00,False
A4F_10021_0013.jpg,2022-06-13 22:08:50+02:00,False
A4F_10021_0014.jpg,2022-06-13 22:08:50+02:00,False
A4F_10021_0015.jpg,2022-06-17 07:16:05+02:00,False
A4F_10021_0016.jpg,2022-06-17 07:16:05+02:00,False
A4F_10021_0017.jpg,2022-06-17 07:16:05+02:00,False
